run,set_ops,set_p99_ms,get_ops,get_p99_ms
1,66501,0.11900,53047,0.18300
2,67234,0.11900,67351,0.13500
3,66908,0.11100,66303,0.13500
