target,workload,median_ops_sec,median_avg_lat_ms,median_p99_ms
garnet,set,294677.795000,0.434750,0.743000
garnet,get,377369.950000,0.338105,16.703000
dragonfly,set,361540.370000,0.355125,1.283000
dragonfly,get,380537.130000,0.338955,1.287000
