run,set_ops,set_p99_ms,get_ops,get_p99_ms
1,363725,56.83100,355470,24.57500
2,346706,59.64700,212387,47.35900
3,172028,151.55100,53247,223.23100
