run,set_ops,set_p99_ms,get_ops,get_p99_ms
1,380699,52.22300,409275,20.73500
2,410718,49.15100,391904,21.50300
3,366434,56.57500,379619,22.14300
