run,set_ops,set_p99_ms,get_ops,get_p99_ms
1,69181,0.27100,125002,0.09500
2,114184,0.08700,148450,0.07100
3,105366,0.08700,129592,0.07100
4,121838,0.07900,118021,0.13500
5,103003,0.09500,125048,0.08700
