run,set_ops,set_p99_ms,get_ops,get_p99_ms
1,113434,0.07900,124996,0.08700
2,107438,0.07900,129050,0.08700
3,120692,0.07900,137960,0.07900
4,85057,0.17500,126199,0.08700
5,116770,0.08700,129165,0.08700
