run,set_ops,set_p99_ms,get_ops,get_p99_ms
1,133113,0.07100,139434,0.07100
2,123190,0.07900,149572,0.07100
3,130387,0.07100,134521,0.07900
4,130463,0.07100,133599,0.07900
5,130515,0.07100,138952,0.07900
