run,set_ops,set_p99_ms,get_ops,get_p99_ms
1,106285,0.08700,145781,0.07100
2,128372,0.07100,154963,0.07100
3,122360,0.07900,140066,0.07100
4,131934,0.07100,148569,0.07100
5,127962,0.07900,153724,0.07100
