run,set_ops,set_p99_ms,get_ops,get_p99_ms
1,120779,0.07900,148265,0.07900
2,118695,0.07900,155767,0.07100
3,120856,0.07100,145826,0.07100
4,124556,0.07100,151961,0.07900
5,129580,0.07100,148629,0.07900
