run,set_ops,set_p99_ms,get_ops,get_p99_ms
1,133959,0.07100,151083,0.07100
2,126876,0.07900,134802,0.07900
3,133831,0.07100,148690,0.07100
4,122718,0.07900,149129,0.07900
5,122013,0.07900,149762,0.07100
