run,set_ops,set_p99_ms,get_ops,get_p99_ms
1,133959,0.34300,149659,0.33500
2,137837,0.32700,139522,0.40700
3,138424,0.33500,136551,0.34300
4,137117,0.35100,146530,0.35900
5,139526,0.32700,157064,0.33500
