run,set_ops,set_p99_ms,get_ops,get_p99_ms
1,67605,0.70300,76114,0.63900
2,68807,0.67900,74689,0.65500
3,68731,0.68700,74995,0.63900
4,66626,0.69500,75377,0.63100
5,68849,0.67900,75714,0.63100
