run,set_ops,set_p99_ms,get_ops,get_p99_ms
1,118842,0.64700,138427,0.47100
