run,set_ops,set_p99_ms,get_ops,get_p99_ms
1,75513,0.19900,83051,0.15900
2,80603,0.14300,87571,0.11900
3,79863,0.15900,85710,0.15100
4,76235,0.16700,86194,0.12700
5,74651,0.15900,81373,0.14300
