run,set_ops,set_p99_ms,get_ops,get_p99_ms
1,67362,0.18300,80100,0.14300
2,80739,0.13500,68506,0.17500
3,77950,0.14300,85267,0.15100
4,68944,0.19100,80963,0.15900
5,76392,0.16700,85762,0.13500
