run,set_ops,set_p99_ms,get_ops,get_p99_ms
1,45938,2.84700,49294,3.93500
2,103023,1.08700,128423,0.56700
3,121528,0.53500,110656,1.13500
