run,set_ops,set_p99_ms,get_ops,get_p99_ms
1,105351,0.09500,120693,0.07100
2,94411,0.11900,146296,0.06300
3,72267,0.27900,120337,0.10300
4,80986,0.19900,144769,0.08700
5,85523,0.21500,123100,0.09500
