run,set_ops,set_p99_ms,get_ops,get_p99_ms
1,83532,0.18300,140352,0.07900
2,105613,0.08700,148709,0.07900
3,93942,0.16700,133743,0.06300
4,119694,0.07900,146860,0.07900
5,112287,0.07900,129652,0.11100
