run,set_ops,set_p99_ms,get_ops,get_p99_ms
1,121781,0.83900,138757,0.51100
2,130898,0.52700,145624,0.44700
3,137213,0.51900,147319,0.43900
4,140952,0.45500,149646,0.39100
5,122138,0.99900,127721,0.69500
