target,workload,median_ops_sec,median_avg_lat_ms,median_p99_ms
garnet,set,622209.305000,0.822845,1.319000
garnet,get,1402378.155000,0.365285,0.591000
dragonfly,set,808698.435000,0.631885,1.035000
dragonfly,get,730950.820000,0.700575,1.491000
