run,set_ops,set_p99_ms,get_ops,get_p99_ms
1,51388,3.10300,110034,0.75100
2,82482,1.25500,40029,5.24700
3,32534,4.22300,33605,6.17500
