run,set_ops,set_p99_ms,get_ops,get_p99_ms
1,111222,0.10300,117511,0.09500
2,110447,0.09500,113907,0.09500
3,102534,0.10300,116648,0.08700
4,108149,0.11100,118875,0.09500
5,107118,0.09500,118522,0.09500
