run,set_ops,set_p99_ms,get_ops,get_p99_ms
1,100356,0.10300,113992,0.09500
2,108054,0.10300,117319,0.09500
3,105210,0.10300,108879,0.10300
4,107163,0.10300,116096,0.08700
5,106971,0.10300,118135,0.09500
