run,set_ops,set_p99_ms,get_ops,get_p99_ms
1,101911,0.10300,108425,0.09500
2,102007,0.11100,114819,0.10300
3,96144,0.12700,110053,0.08700
4,104882,0.09500,112488,0.10300
5,105529,0.10300,116536,0.09500
