run,set_ops,set_p99_ms,get_ops,get_p99_ms
1,93412,0.13500,113280,0.10300
2,94124,0.15100,109782,0.11900
3,99930,0.12700,104914,0.09500
4,104224,0.09500,107305,0.10300
5,103701,0.11100,90129,0.11900
