run,set_ops,set_p99_ms,get_ops,get_p99_ms
1,119479,0.07900,129491,0.08700
2,114139,0.09500,139368,0.07100
3,116404,0.08700,150162,0.06300
4,118031,0.07900,136411,0.07900
5,123968,0.07100,153954,0.06300
