run,set_ops,set_p99_ms,get_ops,get_p99_ms
1,116762,0.07900,137731,0.07100
2,119842,0.07900,134781,0.07900
3,120906,0.07900,138477,0.07900
4,114303,0.10300,139892,0.07900
5,119724,0.07900,136920,0.07100
