run,set_ops,set_p99_ms,get_ops,get_p99_ms
1,122074,0.07900,136566,0.07900
2,119487,0.07900,136838,0.07100
3,125116,0.07100,142052,0.07100
4,116080,0.08700,142560,0.07100
5,118315,0.07900,130384,0.08700
