run,set_ops,set_p99_ms,get_ops,get_p99_ms
1,113750,0.07900,138057,0.07900
2,122578,0.07100,134716,0.08700
3,123868,0.07100,129291,0.09500
4,123812,0.07100,145723,0.06300
5,120158,0.07900,136525,0.07100
