target,workload,median_ops_sec,median_avg_lat_ms,median_p99_ms
garnet,set,313852.820000,0.102265,0.191000
garnet,get,368376.970000,0.087440,2.051000
dragonfly,set,372218.850000,0.086490,0.163000
dragonfly,get,370403.860000,0.087260,0.183000
