run,set_ops,set_p99_ms,get_ops,get_p99_ms
1,124537,0.54300,146831,0.43900
