run,set_ops,set_p99_ms,get_ops,get_p99_ms
1,82576,0.15100,110223,0.10300
2,99606,0.12700,107813,0.11900
3,101487,0.11100,112838,0.09500
4,105685,0.12700,110199,0.12700
5,106969,0.11900,115067,0.11100
