run,set_ops,set_p99_ms,get_ops,get_p99_ms
1,95984,0.15100,109159,0.11900
2,104448,0.11100,109828,0.11100
3,105226,0.10300,111516,0.09500
4,105020,0.10300,90018,0.14300
5,84242,0.14300,92208,0.12700
