run,set_ops,set_p99_ms,get_ops,get_p99_ms
1,69620,0.19900,88068,0.14300
2,75276,0.17500,93475,0.11900
3,76165,0.17500,88701,0.13500
4,99054,0.13500,103152,0.12700
5,105158,0.10300,107946,0.10300
