run,set_ops,set_p99_ms,get_ops,get_p99_ms
1,164880,0.37500,169542,0.33500
2,159278,0.39900,167043,0.34300
3,163595,0.39900,167059,0.35100
4,162177,0.37500,166690,0.35900
5,163891,0.39900,168280,0.35100
