run,set_ops,set_p99_ms,get_ops,get_p99_ms
1,69138,0.10300,68936,0.11900
2,68121,0.10300,68719,0.13500
3,69251,0.11100,66635,0.12700
