run,set_ops,set_p99_ms,get_ops,get_p99_ms
1,72072,0.10300,72528,0.10300
2,72316,0.09500,74390,0.09500
3,73313,0.10300,75240,0.09500
