run,set_ops,set_p99_ms,get_ops,get_p99_ms
1,66679,0.11900,77538,0.10300
2,68853,0.11900,75393,0.10300
3,70741,0.11100,72603,0.11100
4,66449,0.15100,75429,0.11100
5,68534,0.11100,76226,0.10300
