run,set_ops,set_p99_ms,get_ops,get_p99_ms
1,164873,0.44700,171617,0.33500
2,163015,0.43100,159579,0.42300
3,164612,0.40700,170328,0.33500
