run,set_ops,set_p99_ms,get_ops,get_p99_ms
1,62876,0.11900,66808,0.11900
2,65936,0.11900,66352,0.11900
3,63856,0.15100,65822,0.11900
