run,set_ops,set_p99_ms,get_ops,get_p99_ms
1,167660,0.36700,169809,0.32700
2,164971,0.40700,171313,0.32700
3,167848,0.37500,172647,0.33500
4,161601,0.39900,169371,0.34300
5,166494,0.37500,175093,0.31100
