run,set_ops,set_p99_ms,get_ops,get_p99_ms
1,121473,1.52700,171814,0.39100
