run,set_ops,set_p99_ms,get_ops,get_p99_ms
1,157468,0.64700,178159,0.39900
