run,set_ops,set_p99_ms,get_ops,get_p99_ms
1,111912,0.07900,120671,0.09500
2,111512,0.07900,147175,0.05500
3,113049,0.08700,138964,0.07100
4,121191,0.07900,146950,0.06300
5,114276,0.07900,118780,0.11100
