run,set_ops,set_p99_ms,get_ops,get_p99_ms
1,80473,0.14300,133044,0.07100
2,99828,0.07900,79035,0.20700
3,83690,0.11100,140098,0.07100
4,100833,0.08700,110627,0.12700
5,102150,0.07900,119189,0.09500
