run,set_ops,set_p99_ms,get_ops,get_p99_ms
1,94420,0.13500,113562,0.10300
2,109306,0.10300,109127,0.11900
3,107646,0.10300,118384,0.09500
4,104659,0.13500,111228,0.09500
5,107032,0.10300,108017,0.09500
