run,set_ops,set_p99_ms,get_ops,get_p99_ms
1,91459,0.11900,112824,0.09500
2,91636,0.15900,110527,0.09500
3,97469,0.11900,103128,0.11900
4,102070,0.11100,104751,0.11100
5,99898,0.11900,101098,0.14300
