run,set_ops,set_p99_ms,get_ops,get_p99_ms
1,67495,0.10300,65245,0.13500
2,68342,0.11100,63376,0.18300
3,68368,0.11900,65899,0.14300
