run,set_ops,set_p99_ms,get_ops,get_p99_ms
1,120723,1.18300,151061,0.44700
2,146450,0.42300,143271,0.59100
3,141454,0.46300,149741,0.43900
