run,set_ops,set_p99_ms,get_ops,get_p99_ms
1,125989,0.07900,153731,0.06300
2,123014,0.07900,148533,0.06300
3,124898,0.07900,147238,0.07100
4,125396,0.07900,142138,0.07900
5,120432,0.07900,148640,0.06300
