run,set_ops,set_p99_ms,get_ops,get_p99_ms
1,121571,0.07900,145692,0.07100
2,118723,0.09500,137324,0.07900
3,122291,0.07900,144245,0.06300
4,120554,0.07900,146598,0.07100
5,114713,0.10300,143647,0.07100
