run,set_ops,set_p99_ms,get_ops,get_p99_ms
1,136349,0.07100,166349,0.05500
2,139564,0.07100,160803,0.06300
3,133217,0.07100,162167,0.07100
4,132146,0.07100,149300,0.07100
5,130104,0.08700,157108,0.06300
