run,set_ops,set_p99_ms,get_ops,get_p99_ms
1,121929,0.07100,141351,0.07900
2,130888,0.07900,142911,0.07900
3,130901,0.07900,158245,0.07100
4,132240,0.07100,156277,0.07100
5,132333,0.07100,157372,0.07100
