run,set_ops,set_p99_ms,get_ops,get_p99_ms
1,74977,0.09500,76226,0.10300
2,75576,0.09500,75436,0.09500
3,70192,0.15100,77458,0.09500
4,73011,0.10300,75969,0.10300
5,73698,0.09500,79055,0.08700
