run,set_ops,set_p99_ms,get_ops,get_p99_ms
1,71548,0.11100,74968,0.09500
2,72593,0.09500,73934,0.10300
3,62012,0.19900,75686,0.09500
4,72172,0.09500,74142,0.09500
5,71761,0.10300,75131,0.10300
