run,set_ops,set_p99_ms,get_ops,get_p99_ms
1,168540,0.36700,167779,0.33500
2,164315,0.40700,169718,0.39100
3,168360,0.37500,173199,0.31100
