run,set_ops,set_p99_ms,get_ops,get_p99_ms
1,141257,1.04700,173206,0.31900
2,155079,0.48700,174651,0.30300
3,165444,0.37500,168223,0.39900
