run,set_ops,set_p99_ms,get_ops,get_p99_ms
1,176131,1.11100,177482,1.07100
2,176857,1.07100,178458,0.99100
3,176590,1.11900,178705,0.99100
