run,set_ops,set_p99_ms,get_ops,get_p99_ms
1,75647,0.09500,76549,0.10300
2,74576,0.10300,76814,0.10300
3,75451,0.09500,77329,0.09500
