run,set_ops,set_p99_ms,get_ops,get_p99_ms
1,126446,0.07100,138245,0.07900
2,126415,0.07100,145569,0.06300
3,121830,0.07900,151672,0.05500
4,119585,0.07900,147005,0.07900
5,124947,0.07100,148129,0.06300
