run,set_ops,set_p99_ms,get_ops,get_p99_ms
1,112513,0.07900,142373,0.06300
2,123718,0.07100,144263,0.06300
3,124751,0.07100,145201,0.06300
4,114057,0.08700,142473,0.06300
5,126338,0.07100,147444,0.06300
