run,set_ops,set_p99_ms,get_ops,get_p99_ms
1,115453,0.07900,143016,0.07100
2,125125,0.07100,136856,0.07900
3,130154,0.07900,149082,0.07900
4,117715,0.08700,150741,0.07100
5,124147,0.07900,144001,0.07100
