run,set_ops,set_p99_ms,get_ops,get_p99_ms
1,106136,0.08700,110172,0.16700
2,123428,0.07100,120184,0.11100
3,109992,0.08700,136829,0.09500
4,108042,0.07900,148534,0.07900
5,108992,0.10300,150343,0.07100
