run,set_ops,set_p99_ms,get_ops,get_p99_ms
1,70505,0.10300,69175,0.11900
2,66776,0.15100,73592,0.09500
3,62134,0.18300,72151,0.11100
