run,set_ops,set_p99_ms,get_ops,get_p99_ms
1,134619,0.60700,150947,0.43900
2,134228,0.53500,149220,0.42300
3,132803,0.60700,151330,0.41500
4,128238,0.95900,141047,0.51900
5,144873,0.42300,154443,0.39900
