run,set_ops,set_p99_ms,get_ops,get_p99_ms
1,72412,0.09500,76979,0.09500
2,69204,0.11900,77101,0.08700
3,73961,0.09500,76093,0.09500
