run,set_ops,set_p99_ms,get_ops,get_p99_ms
1,165276,1.55100,167934,1.40700
2,165544,1.59900,169073,1.43100
3,164997,1.56700,168746,1.45500
4,165205,1.56700,169116,1.41500
5,166809,1.47100,169140,1.43100
