run,set_ops,set_p99_ms,get_ops,get_p99_ms
1,113494,0.83100,141116,0.45500
