run,set_ops,set_p99_ms,get_ops,get_p99_ms
1,79023,0.15100,122731,0.09500
2,112935,0.07900,114855,0.08700
3,98684,0.11100,129291,0.07900
4,91014,0.11100,115364,0.08700
5,101746,0.09500,119624,0.08700
