run,set_ops,set_p99_ms,get_ops,get_p99_ms
1,81219,0.11100,117003,0.08700
2,80236,0.12700,121369,0.08700
3,88441,0.12700,119429,0.07900
4,96584,0.09500,115703,0.08700
5,83286,0.12700,126764,0.08700
