run,set_ops,set_p99_ms,get_ops,get_p99_ms
1,167998,1.53500,169375,1.55900
2,166925,1.55900,171915,1.37500
3,167072,1.53500,169824,1.47100
4,169925,1.44700,171581,1.44700
5,169851,1.47100,169555,1.46300
