run,set_ops,set_p99_ms,get_ops,get_p99_ms
1,145125,0.44700,150620,0.39900
2,141129,0.51100,150239,0.44700
3,143628,0.44700,137769,0.60700
