run,set_ops,set_p99_ms,get_ops,get_p99_ms
1,163121,1.63100,166739,1.47900
2,165766,1.54300,167421,1.45500
3,164260,1.55100,168431,1.39100
