run,set_ops,set_p99_ms,get_ops,get_p99_ms
1,120819,0.08700,168654,0.07100
2,118805,0.08700,177337,0.08700
3,134232,0.07100,171981,0.07900
4,142601,0.07100,150069,0.07900
5,138453,0.08700,175792,0.07100
