run,set_ops,set_p99_ms,get_ops,get_p99_ms
1,63480,0.13500,79668,0.09500
2,69072,0.11100,79531,0.11100
3,71583,0.11100,80246,0.10300
4,70213,0.11100,78660,0.10300
5,69614,0.11100,77921,0.09500
