run,set_ops,set_p99_ms,get_ops,get_p99_ms
1,51525,3.83900,82493,1.60700
2,107626,0.71900,121216,0.55900
3,44355,3.96700,119694,0.63900
