run,set_ops,set_p99_ms,get_ops,get_p99_ms
1,140129,0.07100,136573,0.07900
2,138991,0.07100,157642,0.07100
3,106057,0.08700,103405,0.10300
4,125973,0.07900,109661,0.09500
5,92476,0.15100,159778,0.06300
