run,set_ops,set_p99_ms,get_ops,get_p99_ms
1,122385,0.07900,149240,0.07100
2,139752,0.07100,153324,0.07100
3,138229,0.07100,158998,0.05500
4,138036,0.07100,159728,0.06300
5,127045,0.07900,159619,0.07100
