run,set_ops,set_p99_ms,get_ops,get_p99_ms
1,78020,0.18300,117845,0.11100
2,69759,0.30300,50961,0.23100
3,47471,0.27100,54913,0.19900
4,50007,0.23900,56696,0.19900
5,50961,0.19900,152253,0.07900
