run,set_ops,set_p99_ms,get_ops,get_p99_ms
1,96197,0.13500,94925,0.11100
2,44770,0.59100,110019,0.11100
3,89263,0.15100,77950,0.16700
4,91193,0.14300,113320,0.07900
5,74347,0.19100,100033,0.13500
