run,set_ops,set_p99_ms,get_ops,get_p99_ms
1,73947,0.09500,75722,0.11100
2,75388,0.09500,77590,0.09500
3,75236,0.09500,75936,0.10300
