run,set_ops,set_p99_ms,get_ops,get_p99_ms
1,72905,0.15900,91737,0.11900
2,82272,0.14300,91518,0.11900
3,84752,0.12700,88944,0.13500
4,84363,0.11900,90646,0.11900
5,83317,0.13500,113269,0.09500
