run,set_ops,set_p99_ms,get_ops,get_p99_ms
1,110335,0.08700,111630,0.10300
2,109400,0.10300,93311,0.15100
3,93389,0.15900,115564,0.08700
4,100539,0.11100,110274,0.10300
5,102224,0.11100,104428,0.11900
