run,set_ops,set_p99_ms,get_ops,get_p99_ms
1,125365,0.07100,147450,0.06300
2,128002,0.07100,150951,0.05500
3,122592,0.07900,146150,0.06300
4,128983,0.07100,154992,0.05500
5,126536,0.07100,142969,0.06300
