run,set_ops,set_p99_ms,get_ops,get_p99_ms
1,116176,0.07900,150533,0.06300
2,124345,0.07100,143070,0.06300
3,126879,0.07100,126850,0.07100
4,126041,0.07100,137565,0.07100
5,119877,0.07900,150684,0.06300
