run,set_ops,set_p99_ms,get_ops,get_p99_ms
1,164618,0.39100,169258,0.33500
2,166409,0.39100,164584,0.38300
3,161352,0.43900,170816,0.35900
4,167217,0.38300,174096,0.30300
5,157315,0.40700,172023,0.33500
