run,set_ops,set_p99_ms,get_ops,get_p99_ms
1,73672,0.09500,74810,0.10300
2,72749,0.10300,74072,0.09500
3,74216,0.09500,74338,0.11100
