run,set_ops,set_p99_ms,get_ops,get_p99_ms
1,171282,0.36700,178418,0.30300
2,172284,0.36700,175819,0.30300
3,166549,0.36700,169348,0.36700
