run,set_ops,set_p99_ms,get_ops,get_p99_ms
1,107351,0.08700,123177,0.07900
2,104139,0.08700,123988,0.07900
3,103747,0.08700,126102,0.07900
4,114545,0.07900,120325,0.07900
5,111621,0.07900,125279,0.07900
