run,set_ops,set_p99_ms,get_ops,get_p99_ms
1,79813,0.18300,121424,0.07900
2,93271,0.11100,121842,0.07900
3,94773,0.09500,117465,0.08700
4,97709,0.08700,126002,0.07900
5,101229,0.08700,127935,0.07100
