run,set_ops,set_p99_ms,get_ops,get_p99_ms
1,64899,0.14300,62861,0.17500
2,68462,0.11100,61771,0.19100
3,68202,0.11900,64242,0.17500
