run,set_ops,set_p99_ms,get_ops,get_p99_ms
1,121562,0.07100,136981,0.06300
2,118991,0.07100,138731,0.07100
3,119588,0.07900,142984,0.06300
4,123999,0.07100,133451,0.07900
5,120125,0.07900,124093,0.09500
