run,set_ops,set_p99_ms,get_ops,get_p99_ms
1,113046,0.07100,139478,0.06300
2,116663,0.07900,131715,0.07900
3,117910,0.07100,135035,0.07100
4,118726,0.07100,143435,0.06300
5,118926,0.07100,129205,0.07900
