run,set_ops,set_p99_ms,get_ops,get_p99_ms
1,125979,0.07900,145589,0.06300
2,125784,0.07900,152420,0.06300
3,123025,0.07900,142360,0.07100
4,119968,0.08700,129081,0.08700
5,113452,0.08700,145975,0.07100
