run,set_ops,set_p99_ms,get_ops,get_p99_ms
1,34345,0.64700,44444,0.51100
2,43085,0.40700,116145,0.11100
3,125263,0.07900,117876,0.06300
4,103509,0.07100,134596,0.07100
5,125452,0.07900,141993,0.06300
