run,set_ops,set_p99_ms,get_ops,get_p99_ms
1,166204,0.36700,171780,0.32700
2,169889,0.37500,176283,0.30300
3,165181,0.39900,175897,0.31900
4,169979,0.36700,175284,0.30300
5,170909,0.35900,177129,0.29500
