run,set_ops,set_p99_ms,get_ops,get_p99_ms
1,67007,0.13500,76452,0.10300
2,71817,0.10300,76365,0.10300
3,73449,0.09500,73570,0.11100
