run,set_ops,set_p99_ms,get_ops,get_p99_ms
1,67260,0.14300,75071,0.10300
2,70946,0.11100,77005,0.09500
3,75126,0.09500,75372,0.11100
4,72427,0.10300,76451,0.10300
5,74981,0.09500,77200,0.09500
