run,set_ops,set_p99_ms,get_ops,get_p99_ms
1,69829,0.10300,63528,0.15100
2,67681,0.11100,65901,0.15100
3,68207,0.11100,65121,0.15900
