run,set_ops,set_p99_ms,get_ops,get_p99_ms
1,165066,0.39100,171650,0.31900
2,165667,0.37500,167857,0.38300
3,165970,0.38300,170203,0.34300
4,168599,0.38300,173281,0.31100
5,164495,0.39100,167845,0.38300
