run,set_ops,set_p99_ms,get_ops,get_p99_ms
1,71461,2.06300,54287,3.37500
2,31285,5.40700,75952,2.30300
3,85448,1.51900,51297,2.65500
