run,set_ops,set_p99_ms,get_ops,get_p99_ms
1,63143,0.11100,64223,0.16700
2,59799,0.13500,52022,0.24700
3,67605,0.11900,60380,0.14300
