run,set_ops,set_p99_ms,get_ops,get_p99_ms
1,140243,0.47100,148011,0.41500
