run,set_ops,set_p99_ms,get_ops,get_p99_ms
1,167788,0.36700,172917,0.31100
2,170111,0.36700,174387,0.30300
3,171990,0.35900,176192,0.30300
4,171084,0.35900,171604,0.31900
5,170049,0.35900,176677,0.30300
