target,workload,median_ops_sec,median_avg_lat_ms,median_p99_ms
garnet,set,162382.400000,0.025085,0.071000
garnet,get,110095.505000,0.037125,0.075000
dragonfly,set,89683.220000,0.045150,0.079000
dragonfly,get,91670.470000,0.043990,0.083000
