run,set_ops,set_p99_ms,get_ops,get_p99_ms
1,172759,0.34300,172418,0.34300
2,171700,0.35100,173761,0.32700
3,169814,0.34300,171686,0.38300
4,169532,0.33500,171860,0.34300
5,168794,0.35100,174352,0.34300
