run,set_ops,set_p99_ms,get_ops,get_p99_ms
1,248775,0.81500,278206,0.83100
2,234462,0.94300,281654,0.86300
3,252967,0.75100,262954,0.80700
4,251560,0.83100,277008,1.07100
5,241816,0.86300,283543,0.78300
