run,set_ops,set_p99_ms,get_ops,get_p99_ms
1,168015,0.36700,174020,0.32700
2,169057,0.35100,172519,0.35100
3,164891,0.38300,170485,0.35100
4,169020,0.34300,173837,0.31100
5,170065,0.34300,168221,0.39900
