run,set_ops,set_p99_ms,get_ops,get_p99_ms
1,215624,0.95100,243097,1.12700
2,225745,0.91900,263605,0.85500
3,230280,1.04700,269374,0.81500
4,205630,1.35100,274046,0.78300
5,243283,0.85500,275909,0.79100
