run,set_ops,set_p99_ms,get_ops,get_p99_ms
1,73389,0.09500,75166,0.10300
2,73922,0.09500,74126,0.11100
3,71962,0.10300,74972,0.09500
4,74673,0.09500,75248,0.09500
5,74085,0.11100,77030,0.09500
