run,set_ops,set_p99_ms,get_ops,get_p99_ms
1,73869,0.09500,76072,0.09500
2,73473,0.09500,77239,0.09500
3,75727,0.09500,76918,0.09500
4,75858,0.09500,74142,0.11100
5,76007,0.09500,77497,0.09500
