run,set_ops,set_p99_ms,get_ops,get_p99_ms
1,123962,0.07100,144220,0.05500
2,120147,0.07900,135617,0.06300
3,125498,0.07100,141230,0.06300
4,122081,0.07100,135173,0.07100
5,122539,0.07900,143348,0.05500
