run,set_ops,set_p99_ms,get_ops,get_p99_ms
1,94471,0.11900,141495,0.06300
2,111894,0.07900,141280,0.05500
3,117056,0.07900,131447,0.07900
4,126086,0.07100,138553,0.06300
5,117125,0.07900,134687,0.06300
