run,set_ops,set_p99_ms,get_ops,get_p99_ms
1,102945,0.11100,104069,0.14300
2,95277,0.15100,89835,0.19100
3,94519,0.13500,96191,0.13500
4,98792,0.11900,106711,0.11900
5,97929,0.12700,110781,0.10300
