run,set_ops,set_p99_ms,get_ops,get_p99_ms
1,88984,0.18300,114560,0.09500
2,101788,0.12700,106915,0.11100
3,106537,0.11900,114114,0.10300
4,108450,0.09500,109732,0.11100
5,105472,0.11100,113859,0.08700
