run,set_ops,set_p99_ms,get_ops,get_p99_ms
1,82390,0.15900,79222,0.19900
2,81836,0.16700,87654,0.14300
3,79152,0.17500,89434,0.14300
4,83305,0.14300,84183,0.15900
5,79902,0.15900,88800,0.15100
