run,set_ops,set_p99_ms,get_ops,get_p99_ms
1,77912,0.15900,78947,0.15900
2,79976,0.14300,86218,0.13500
3,77011,0.15100,73504,0.19100
4,70015,0.21500,64807,0.24700
5,74975,0.17500,81644,0.15100
