run,set_ops,set_p99_ms,get_ops,get_p99_ms
1,394582,51.96700,408453,22.65500
2,403331,49.40700,416236,20.73500
3,412315,48.38300,417684,19.58300
