run,set_ops,set_p99_ms,get_ops,get_p99_ms
1,402749,49.91900,147174,307.19900
2,383033,56.31900,413293,19.45500
3,409779,49.15100,409215,24.06300
