run,set_ops,set_p99_ms,get_ops,get_p99_ms
1,164086,1.59900,165927,1.73500
2,165472,1.59900,166820,1.86300
3,165967,1.55100,168392,1.47900
